{
  "project_info": {
    "project_number": "586163161703",
    "firebase_url": "https://push-notification-a988b.firebaseio.com",
    "project_id": "push-notification-a988b",
    "storage_bucket": "push-notification-a988b.appspot.com"
  },
  "client": [
    {
      "client_info": {
        "mobilesdk_app_id": "1:586163161703:android:2ebb0b8cce2057c1",
        "android_client_info": {
          "package_name": "com.example.pushnotificationapp"
        }
      },
      "oauth_client": [
        {
          "client_id": "586163161703-ba53q8lhmgdu3kda2da289td79r8ktuu.apps.googleusercontent.com",
          "client_type": 3
        }
      ],
      "api_key": [
        {
          "current_key": "AIzaSyDVUBbJFwFA8iBXgwDI54OwAX8_BW35CBI"
        }
      ],
      "services": {
        "appinvite_service": {
          "other_platform_oauth_client": [
            {
              "client_id": "586163161703-ba53q8lhmgdu3kda2da289td79r8ktuu.apps.googleusercontent.com",
              "client_type": 3
            }
          ]
        }
      }
    }
  ],
  "configuration_version": "1"
}